Abhishek.Kaldhone,10-12-1994,abhi.kaldhone1994@gmail.com
Abhijeet.Chiddarwar,06-11-1995,abhijeetchiddarwar06@gmail.com
Abhishek.Damodaran,13-08-1995,abhishekdamodaran.mec@gmail.com
Abhishek.M,04-09-1995,abhishekmuralidharan@gmail.com
Achyuthuni.Sri.Harsha,05-12-1995,achyuthuni.sri.harsha@gmail.com
B..Prithvi.Raj.Mohan,20-02-1995,adithan.karikalan@gmail.com
Aditya.Ranganathan,24-08-1995,aditya.ranganath68@gmail.com
Aditya.Vishveshvar.Tendulkar,25-10-1995,aditya81399@gmail.com
Ahalyadas.M,21-12-1995,ahalyadas01@gmail.com
Abhijeet.Praveen.Jannawar,03-02-1996,ajannawar@gmail.com
Akash.Dilip.Gaikawad,06-09-1995,AKASH.AG8246@GMAIL.COM
Nallana.Akhil,20-03-1995,akhilnalana95@gmail.com
Akkem.Lohitha.Reddy,11-10-1995,akkem.lohitha@gmail.com
Saquib.Ali,21-02-1996,alisaquib49@gmail.com
Amarnath.G,07-01-1996,amararun.z@gmail.com
Anandhakumar.A.S,30-09-1995,anandhakumaras010@gmail.com
Anirudh.Sundar,21-11-1994,anirudhdubai7@gmail.com
Anithamahalakshmi.I,12-09-1995,anithamahalakshmii@gmail.com
Ankit.Kumar.Singh,09-01-1994,ankit13274@gmail.com
Anujan,20-01-1996,anujanramesh@gmail.com
Aditya.A.P,22-04-1996,apaditya96@gmail.com
Aravind.A.R,25-03-1995,aravindar2580@gmail.com
Arihant.Sunil.Bardiya,26-08-1994,arihantbardiya26@gmail.com
Arjun.Raveendran,01-02-1995,arjunnair95@outlook.com
Arjun.R..Nair,04-11-1995,arjunrnair.mec@gmail.com
Arun.Kumar.Mishra,14-11-1995,arunmishra_13693@aitpune.edu.in
Arun.Kumar.G,29-03-1996,arunsuccess96@gmail.com
Ashu.Chahal,02-10-1994,Ashuchahal_13069@aitpune.edu.in
Ashutosh.Avinash.Kinikar,22-11-1995,ashutosh.kinikar11@gmail.com
Astitva.Shah,02-08-1994,astitva94@gmail.com
Athul.K.P.,12-02-1994,athulkp9471@gmail.com
Anirudh.Vn,30-12-1995,bablu3095@gmail.com
Bala.Pushkaran.C.A,18-03-1995,balapushkaran@gmail.com
Venkatesh.B,13-10-1995,balav647@gmail.com
Bhuvaneesh.Kumar.Jj,11-01-1996,bhuvaneeshkumarjj@gmail.com
B.K.Kishore,10-05-1995,bkkishore1995@gmail.com
M..Balaji,25-04-1996,bvenkat492@gmail.com
Aditi.Pandurang.Chandsare,08-11-1995,chandsareaditi@gmail.com
Shubham.Chauhan,31-08-1995,chauhanshubham3195@gmail.com
Christopher.B,01-11-1995,christopherpattian@gmail.com
D.S.N.Sunil.Varma,21-01-1996,datla.sunilvarma95@gmail.com
Deepesh.Kumar,20-10-1994,deepeshiitian001@gmail.com
P.Dinesh.Kumar,12-10-1995,dineshgeth31@gmail.com
Deety.Sai.Venkata.Umesh,15-04-1996,dumesh.sai@gmail.com
Ranjit.G,11-11-1995,garudaranjit@gmail.com
Greeshma.Prakasan,20-05-1994,greeshmaprakasan.mec@gmail.com
Gokulnath.S.R,16-01-1995,gsr0116@gmail.com
Sriram.G,11-10-1995,gsriramsgkrishnan@gmail.com
Harenee.Narayanan,11-11-1995,harenee.narayanan@gmail.com
Harish.V,02-02-1996,harishvenkatesan@outlook.com
Kamireddy.Harshini,16-06-1996,harshinireddy.kr@gmail.com
Hemasree.S,03-06-1995,hems.13tech@gmail.com
Chavva.Jagan.Mohan.Reddy,14-05-1995,jagan14051995@gmail.com
M.S.Jai.Chandru,09-11-1994,jaichandru7@gmail.com
R.M.Jaikrishna,03-10-1995,jaikrishna71@gmail.com
Jairam.V,18-04-1995,jairam0@gmail.com
Jostin.Lukose,01-06-1995,jostinlukose.mec@gmail.com
Karthikeyan.Siddhuraju,15-09-1995,karthik1995aadhitya@gmail.com
M.Kavin.Kumar,08-05-1996,kavinmsk008@gmail.com
V.Kavya,14-03-1996,kavya.reddy72@gmail.com
Kinal.Mehta,06-04-1995,kgm1995@gmail.com
Roshan.Raju.Khandare,19-04-1996,khandareroshan007@gmail.com
Humshavarthini.Karunanidhi,29-06-1995,khvarthini@gmail.com
Kingsley.Abraham,19-01-1996,kingsleyabraham47@gmail.com
Kishore.S,08-10-1995,kishore.sureshkannan@gmail.com
K.G.Kishorelal,26-03-1996,kishoretrylal@gmail.com
K.Kartik.Kumar,01-05-1995,kitrak96@gmail.com
Manisha.Khatri,21-06-1995,kmanisha216@gmail.com
Kotte.Sai.Kumar,30-08-1996,kottesaikumar99@gmail.com
Sudarshanan.S,22-05-1995,kowshiksoundar@gmail.com
Krishna.Kant.Kashyap,28-06-1995,krishnakantkashyap71@gmail.com
Kriti.Jha,25-11-1995,kritijha_13106@aitpune.edu.in
V...Dinesh.Kumar,17-04-1995,kumar1995v.dinesh@gmail.com
Logesh.R,19-04-1996,logeshravikumar@gmail.com
Anirudh.Madhavan,21-10-1995,m.anirudh21@gmail.com
Prasanth.M,06-05-1996,m.prasanth6596@gmail.com
Akash.M.S,17-04-1996,m.s.akashabc@gmail.com
S.M.Madhusudanan,04-12-1995,madhu.swarup412@gmail.com
Madhumitha.S,28-05-1996,madhu14mitha@gmail.com
Mahaalakshmi.S,16-11-1995,mahaalakshmi.s1995@gmail.com
Vivek.V,26-09-1994,mailmevivek321@gmail.com
Allam.Manikanta,29-06-1996,mani.allam29@gmail.com
Ashwin.M,15-08-1995,maniashwin95@gmail.com
Manish,22-09-1996,manish_13440@aitpune.edu.in
Manish.Kumar.Saradhana,01-04-1995,manishksaradhana_13499@aitpune.edu.in
Manojkumar.R,04-01-1996,manojdravid19@gmail.com
Kakaraparty.Manoj,10-08-1996,manojsasi13@gmail.com
Mohan.Kumar.M,17-11-1995,mgnkiros@gmail.com
Santhosh.Kumar.M.G,04-09-1995,mgsanthoshkumarmg@gmail.com
Kuppa.Satchidananda.Murthy,21-03-1996,murthykuppa21@gmail.com
Vinod.Vitthal.More,11-12-1995,mvinod5353@gmail.com
Moram.Venkata.Krishna.Reddy,07-12-1995,mvkr464@gmail.com
Mylu.Praveen,18-02-1996,myluprvn@gmail.com
Mythily.N,15-11-1995,mythily1595@gmail.com
Neerumalla.Mani.Srikanth,14-08-1996,n.srikanth002@gmail.com
Navaneethan.V,10-06-1996,navneed2002@gmail.com
Akhilesh.N.C,11-10-1995,ncakhil@gmail.com
Neeraj.R.R,11-09-1995,neerajraghu95@gmail.com
Nidush.S,27-10-1995,nidushspazibo@gmail.com
Nikhil.Harish,08-03-1995,nikhil.harish619@gmail.com
Nivetha.R,30-12-1994,nive3012@gmail.com
Palimpati.Saikiran,07-09-1996,palimpatisaikiran@yahoo.in
Hrishikesh.Paramane,06-09-1995,paramane1995hrishi@gmail.com
Paras.Sharma,18-09-1995,paras189ps@gmail.com
Samreen.Pathan,13-11-1995,pathaan.ayesha18@gmail.com
Perumal.Raj.S.R,08-09-1995,perusr@gmail.com
Ugge.Naga.Phaneendra,09-06-1996,phaneendra2531@gmail.com
Ponnuraju.M,22-07-1996,ponrajsuji@gmail.com
Pooja.Kumari,02-12-1995,poojakumari_13295@aitpune.edu.in
Poontamizhan.N,07-03-1996,poontamizhan@gmail.com
Pankaj.Mehra,14-04-1995,ppankajmehra050@gmail.com
Paveen.Rajai.S,25-05-1996,ppsafari1@gmail.com
Prabu.E,30-09-1995,prabushanu@gmail.com
Prahaladh.S,10-10-1995,prahaladhspl@gmail.com
Prajakta.Pravin.Karve,20-10-1995,prajaktakarve20@gmail.com
Bonagiri.Omprakash,30-06-1995,prakash.chintu8@gmail.com
Prasath.C,05-12-1995,prasathprasath1995@gmail.com
Praseed.Manna,17-05-1996,praseedmanna96@gmail.com
Pravin.N,06-03-1996,pravin9318@gmail.com
B.Priyanka,13-09-1995,priyaa138@gmail.com
Mogillapalli.Prudvi.Raj,01-07-1996,prudviraj8045@gmail.com
Gattikoppula.Puneeth.Reddy,11-08-1996,puneethreddy19munna@gmail.com
R.Shankaran,20-10-1995,r.shankaran1995@gmail.com
Raavi.Dinesh,02-12-1996,raavidineshchowdary@gmail.com
Rahul.Katiyar,04-10-1995,rahulkatiyar1995@gmail.com
Rajendra.Ankush.Nikam,05-06-1995,rajendranikam34@gmail.com
G.Rajesh,25-11-1995,rajeshrdy2511@gmail.com
Rajesh.Roshan.N,21-11-1995,rajeshroshan211195@gmail.com
Nithin.Raj.V,05-02-1996,rajvnithin@gmail.com
Rakesh.Kumar,04-10-1993,rakeshkumar_13595@aitpune.edu.in
Ramprasadh.K,24-10-1995,ramprasadh007@gmail.com
M.V.Rajaram,10-11-1995,ramraj101195@gmail.com
Ramprasad.Srikumar.T,30-05-1996,ramt96@gmail.com
Rashmi,27-04-1995,rashmi_13676@aitpune.edu.in
Ravindra.Singh.Kholia,04-04-1996,ravindrakholia2012@gmail.com
Rayankula.Ravi.Teja,10-06-1996,ravitejarayankula@gmail.com
Abhishek.Ray,23-01-1995,rayabhishek143@gmail.com
Revathy.Ann.George,04-03-1995,revathyann@gmail.com
R.Giridhar,03-01-1996,rgiridhar96@gmail.com
Rohan.A..Mulik,21-11-1995,rohanm2111@gmail.com
Sachin.Singh.Yadav,26-01-1996,sachinyadav_13560@aitpune.edu.in
Parvathareddy.Sai.Charan,03-03-1995,sai.saicharan4@gmail.com
Saiganesh.S,22-05-1996,saiganeshsritharan@gmail.com
Gonavaram.Venkata.Sai.Theja,09-12-1995,saitheja.gonavaram@gmail.com
Koppuravuri.Sai.Hari.Brahma.Venkatesh,29-06-1996,saivenkatkoppuravuri29@gmail.com
Sakshi.Daga,01-06-1995,sakshidaga@gmail.com
Santhosh,14-12-1995,santhoshsuresh95@gmail.com
E.R.Saravan.Ram,21-03-1996,saran001r@gmail.com
Sasi.Kumar.K.S,14-05-1996,sasinewcastle96@gmail.com
Sathish.Kumar.R,01-02-1996,sathishravi6991@gmail.com
Rohit.Singh,10-01-1995,sauhitsingh888@gmail.com
Saurabh.Agarwal,09-06-1995,saurabhagarwal1095@gmail.com
Saurabh.Vijay.Jadhav,02-02-1995,saurabhakathethunder@gmail.com
Ravuru.M.C.Sekhara.Sai.Sarma,30-12-1995,sekharasaisarma@gmail.com
Shameem.Javed..A,06-09-1995,shameemjaved28@gmail.com
Sharath.Chandran.S,18-12-1995,sharathknms@gmail.com
Shilpa.Shre.Punithavel,20-03-1996,shilpashrepunithavel96@gmail.com
Shivam.Sharma,05-06-1995,shivamsharma_13329@aitpune.edu.in
Shiva.P,02-09-1995,shivprabu1995@gmail.com
V.Sivaraman,04-09-1995,shivtrig@gmail.com
N.Shrinaath,14-05-1994,shrichandar94@gmail.com
S.Vignesh,19-09-1995,shriramv99@gmail.com
Shruti.Doshi,16-04-1996,shrutidoshi164@gmail.com
Shweta.Deepak.Kotkar,22-09-1995,shwetakotkar229@gmail.com
Siddharth.S,06-04-1996,siddhu.s646@gmail.com
Sivaprasad.M,21-03-1996,sivaprasad.jangu96@gmail.com
Rusum.Sreekar,14-08-1996,sreekar5048@gmail.com
Murali.Krishna.Marella,19-08-1996,sreenumuralikrishna@gmail.com
R.Srinath,03-11-1995,srinathraghavendran@gmail.com
Srivaths.Kumar,13-04-1996,srivathskumar@gmail.com
Sathish.Kumar.S,12-01-1996,ssathishkumar66@gmail.com
Devanand.S.S,05-11-1995,ssdevanand5@gmail.com
Soma.Sri.Sai.Harsha,04-02-1996,ssharshadx@gmail.com
Sudheendra.K,25-07-1995,sudheendrak25@gmail.com
Sanne.Venkat.Suhas,08-08-1996,suhassanne@gmail.com
Sujay.Kumaran.P.S,13-09-1995,sujay.kumaran6@gmail.com
Sunny.R.Gupta,24-07-1994,sunnygupta9836@gmail.com
Adda.G.S.S.V.Surya.Teja,22-01-1996,suryatejaadda@gmail.com
Perugupalli.L.Narasimha.Sai.Surya.Teja,09-07-1996,suryatejap1996@gmail.com
S..Prakash,04-08-1996,svprakash001@gmail.com
Vetrivel.R.S,05-05-1996,takrawvetri@gmail.com
Suraj.Rajendra.Takwale,08-07-1995,takwalesuraj18@gmail.com
Tanzeem.Kagzi,01-03-1995,tanzeem1964@yahoo.com
Uma.S.M,24-10-1995,umasundararajan12@gmail.com
Nikita.Uttarwar,09-01-1996,uttarwarnikita9@gmail.com
V.Aravindh,17-08-1995,v.aravindh17@gmail.com
M.Vaishnavi,13-01-1996,vaishnavi13krishnan@gmail.com
Valliappan.Sp,04-01-1996,valliappansp4196@gmail.com
Vallinayagam.Shankarakumar,26-10-1995,valllinayagamshankar@gmail.com
Rachuri.Sanyasi.Vishnu.Vardhan,22-05-1996,vardhanrsv@gmail.com
Varsha.Anand,19-04-1996,varsha.anand194@gmail.com
Varshaa.Ramalingam,21-04-1996,varshaa2104@gmail.com
Varshini.R,25-11-1995,varshiniraju1995@gmail.com
Varun.G,06-03-1995,varun.g.mec@gmail.com
Venkatram.G,14-05-1996,venkat14596@gmail.com
Vidhya.A,19-09-1995,vidhyaambalavanan1906@gmail.com
Vignesg,25-10-1994,vignesh.psgtechmech@gmail.com
Vigneshwaran.J,19-12-1995,vigneshjaga@gmail.com
Vinay.Ravi,28-03-1994,vinayravi.mec@gmail.com
Vinitha.V,08-10-1995,vinithaviswanathan95@gmail.com
Vishnu.Prabhakaran.G,11-03-1995,vishnugp7@gmail.com
Vishnu.Harikumar,27-02-1996,vishnuhkumar.mec@gmail.com
Vishnu.Prasad.R,11-08-1995,vishnuprasad.mec@gmail.com
A.C.Vishwajeet,13-08-1995,viswajith1995@gmail.com
Yelasiri.Kiranchand,17-02-1996,yelasirikiranchand2012@gmail.com
G.Yeswanthi,12-03-1996,yeshwanthi1203@gmail.com
Yuvraj.Dattatray.Ekad,13-03-1996,yuvrajekad01@gmail.com
